url_path,views_total,views_unique
/yinlinchen/amplify-preview-actions,4,4
/yinlinchen/amplify-preview-actions/blob/master/entrypoint.sh,3,2
/yinlinchen/amplify-preview-actions/pulse,2,1
/yinlinchen/amplify-preview-actions/blob/master/examples.md,1,1
/yinlinchen/amplify-preview-actions/blob/master/.github/workflows/close_inactivate_issues.yml,1,1
/yinlinchen/amplify-preview-actions/blob/master/.github/workflows/github-repo-stats.yml,1,1
/yinlinchen/amplify-preview-actions/network/dependencies,1,1
/yinlinchen/amplify-preview-actions/network/dependents,1,1
/yinlinchen/amplify-preview-actions/tree/master/.github,1,1
/yinlinchen/amplify-preview-actions/tree/master/.github/workflows,1,1
